Workbook

Sheet CALENDAR
A1: CALENDAR
A2: Date | B2: Duration in days | C2: Phases | D2: Activity | E2: % | F2: Status | G2: Fineshed | H2: Peding | J2: Completed
A3: 46185 | B3: 10 | C3: Phase 0 | D3: Discovery & Requirements | E3: =SUM(Schedule!D3:D8)/COUNT(Schedule!D3:D8) -> 1 | F3: =IF(E3=0,$J$4,IF(E3<1,$J$3,$J$2)) -> Completed | G3: =(SUM(E3:E9)/COUNT(E3:E9)) -> 0.15873016 | H3: =100%-(SUM(E3:E9)/COUNT(E3:E9)) -> 0.84126984 | J3: In progress
A4: =B3+A3 -> 46195 | B4: 20 | C4: Phase 1 | D4: System Design & Architecture | E4: =SUM(Schedule!D9:D17)/COUNT(Schedule!D9:D17) -> 0.11111111 | F4: =IF(E4=0,$J$4,IF(E4<1,$J$3,$J$2)) -> In progress | J4: Peding
A5: =B4+A4 -> 46215 | B5: 5 | C5: Phase 2 | D5: Project Setup | E5: =SUM(Schedule!D18:D18)/COUNT(Schedule!D18:D18) -> 0 | F5: =IF(E5=0,$J$4,IF(E5<1,$J$3,$J$2)) -> Peding
A6: =B5+A5 -> 46220 | B6: 25 | C6: Phase 3 | D6: Backend Development | E6: =SUM(Schedule!D19:D39)/COUNT(Schedule!D19:D39) -> 0 | F6: =IF(E6=0,$J$4,IF(E6<1,$J$3,$J$2)) -> Peding
A7: =B6+A6 -> 46245 | B7: 20 | C7: Phase 4 | D7: Frontend Development | E7: =SUM(Schedule!D40:D49)/COUNT(Schedule!D40:D49) -> 0 | F7: =IF(E7=0,$J$4,IF(E7<1,$J$3,$J$2)) -> Peding
A8: =B7+A7 -> 46265 | B8: 5 | C8: Phase 5 | D8: Testing & QA | E8: =SUM(Schedule!D50:D58)/COUNT(Schedule!D50:D58) -> 0 | F8: =IF(E8=0,$J$4,IF(E8<1,$J$3,$J$2)) -> Peding
A9: =B8+A8 -> 46270 | B9: 7 | C9: Phase 6 | D9: Deploy & Observability | E9: =SUM(Schedule!D59:D64)/COUNT(Schedule!D59:D64) -> 0 | F9: =IF(E9=0,$J$4,IF(E9<1,$J$3,$J$2)) -> Peding

Sheet Schedule
A1: SPRING
A2: Date | B2: Phase | C2: Task | D2: Status
A3: 46204 | B3: Discovery & Requirements | C3: BRD — Business Requirements Document | D3: 1
A4: 46205 | B4: Discovery & Requirements | C4: BRD — Business Requirements Document | D4: 1
A5: 46206 | B5: Discovery & Requirements | C5: User Stories + Acceptance Criteria | D5: 1
A6: 46207 | B6: Discovery & Requirements | C6: User Stories + Acceptance Criteria | D6: 1
A7: 46208 | B7: Discovery & Requirements | C7: Priorização MoSCoW | D7: 1
A8: 46209 | B8: Discovery & Requirements | C8: Relatorio Da Fase | D8: 1
A9: 46210 | B9: System Design & Architecture | C9: High Level Design (HLD) | D9: 1
A10: 46211 | B10: System Design & Architecture | C10: Diagramas de Caso de Uso | D10: 0
A11: 46212 | B11: System Design & Architecture | C11: Diagramas de Classes e de Objecto | D11: 0
A12: 46213 | B12: System Design & Architecture | C12: Database struturation | D12: 0
A13: 46214 | B13: System Design & Architecture | C13: Database struturation | D13: 0
A14: 46215 | B14: System Design & Architecture | C14: Interfaces dos Repositorios | D14: 0
... A64: 46265 | B64: Documentação | C64: Publicação no linkedin e procurar clientes | D64: 0

Sheet Description
A1: Centry Software-School Management Smart
A2: Owner Name | B2: Gabriel Pedro Aurélio
A3: Owner Email | B3: gabrielpedroaurelio@gmailcom
A4: TimeLife | B4: Two Months
A5: Target School | B5: High School Particular
